text,counts
"RT @Hyundai_Global: Jimin uses Hangeul day to think about what the future might bring. What are your wishes for tomorrow?

(Anybody noticedâ¦",2315
RT @Hyundai_Global: Writing something with your hand makes your mind engage with the information. Join Suga as he writes down his thoughtsâ¦,1927
"RT @Hyundai_Global: Every morning is a new beginning. For J Hope, Hangeul day is a chance to sit back, reflect and wish for happy and brighâ¦",1585
"RT @Hyundai_Global: Hangeul day is the perfect opportunity to sit back and reflect on the meaning of words. Join us with V from BTS.

(Anybâ¦",1521
RT @Hyundai_Global: Korea celebrates Hangeul day today. Itâs the day the Korean alphabet was proclaimed. Join us with Jungkook from BTS asâ¦,1257
"RT @Hyundai_Global: What do you think when you look to the skies? Jin is contemplating what future generations might see.

(Anybody noticedâ¦",1057
"RT @choi_bts2: I love @Hyundai_Global Hangul day campaign a lot

RM: í´ (hae) sun
JN: íë (haneul) sky
JK: ë°ë¤ (bada) ocean
V: ë°ë (baram) windâ¦",988
RT @Hyundai_Global: Today is Hangeul day! Itâs the day when Koreans commemorate the introduction of the Korean alphabet. Join the celebratiâ¦,916
"RT @renkiger_: In February 2020 HYBE estimated, when preparing for it, that the MOTS Tour would have a global audience of 2.2 million peoplâ¦",85
"RT @OT7wrecked: WHAT YOU MISSED 091021:

- LGO: In the Forest 80M YT views
- BTS 37M monthly Spotify listeners
- Dynamite: 1.110B, PTD: 280â¦",61
"RT @m_ontatta20: Taehyung's worn Ernest W. Baker
Beige &amp; Colorblock Cardigan in Hyundai hangeul day post is now SOLD OUT ðð¥ð¯after Taehyung'â¦",59
"RT @BABANGTAN_613: BTS x Hyundai | Hanguel Day

Hyung line hd wallpaper (LRB VER)

#NAMJOON #RM #SEOKJIN #JIN #YOONGI #SUGA #HOSEOK #JHOPEâ¦",45
"RT @Hyundai_Global: Weâre committed to build a better earth.
We will continue our progress to become carbon neutral by 2045. For a world thâ¦",26
"RT @jjklve_: Hyundai x BTS - Hangeul day | #JUNGKOOK cut

JK: ""May the Sea be always full of life, now and forevermore. For you and me, forâ¦",25
"RT @BIGHIT_INFO: Hyundai Global post with Jimin

 https://t.co/ghx5qBcdGe",22
"RT @JJK_Times: Jungkook @ Hyundai Lifestyle Instagram Update (1/4)
https://t.co/ri9Vu3IK30 https://t.co/J53yHkLmIi",21
"RT @RMPICS_twt: ð¸ HYUNDAI x #RM @BTS_twt 

Sun.
May all the living things
be blessed by the sun forever.
For you and me, for us all.â¦",20
"RT @BIGHIT_INFO: Hyundai Global post with Suga

 https://t.co/h0XGB6veAr",18
"RT @BABANGTAN_613: BTS x Hyundai | Hanguel Day

Maknae line hd wallpaper (LRB VER)

#JIMIN #JM #TAEHYUNG #V #JUNGKOOK #JK #BTS #ë°©íìëë¨ #BTSWâ¦",17
"RT @JiminGlobal: Hyundai x BTS | Jimin

""Here's to a tomorrow that's brighter than today. For you and me, for us all.""

https://t.co/u3LRv8â¦",15
"RT @PJM_data: Hyundai Ã BTS - Hangul Day | Jimin 

ð¥Here's to a tomorrow that's brighter than today

 https://t.co/TEOSiigOD3",13
"RT @seokjinism1: everything is so angelic about this Hyundai video - Seokjin's face, his expression, his hands, his voice, his handwritingâ¦",12
"RT @BABANGTAN_LRB: BTS x Hyundai | Hanguel Day

Hyung line hd wallpaper (LRB VER) black &amp; white

#NAMJOON #RM #SEOKJIN #JIN #YOONGI #SUGA #â¦",12
"RT @BIGHIT_INFO: Hyundai Global post with J-hope

 https://t.co/HNnSLrl0lr",11
"RT @SugaWWUnion: [VIDEO] Hyundai Ã BTS

Hangeul day celebration | #SUGA

Writing something with your hand makes your mind engage with the iâ¦",11
"RT @GoldenJKUnion: BTS x Hyundai | Hangeul Day 

#Jungkook: Ocean; âMay the sea be always full of life, now and forevermore. For you and meâ¦",9
"RT @BABANGTAN_LRB: BTS x Hyundai | Hanguel Day

Maknae line hd wallpaper (LRB VER) black &amp; white

#JIMIN #JM #TAEHYUNG #V #JUNGKOOK #JK #BTâ¦",9
RT @dreamjeons: there's something so soothing about jungkook in this hyundai ad https://t.co/1uJlFFdwdZ,9
RT @ColourfulMula: You buy a Hyundai they gonna ask what you ainât get the Honda. You cop Bmw they gon ask why you ainât get the Benz. Youâ¦,8
"RT @MINSUGAHQ: [#SugaHQ_Update] Hyundai Ã BTS for Hangul Day | #SUGA 

ð±: May the earth grace us with abundance for many generations to comâ¦",8
"RT @BIGHIT_INFO: Hyundai lifestyle Instagram post

â¢ Jin

 https://t.co/0fyN8NlA6D",7
"RT @BIGHIT_INFO: Hyundai lifestyle Instagram post
 https://t.co/dAyDLY8l5G",7
"RT @pjmsupport_ke: HyundaiÃBTS  | Jimin uses Hangeul day to think about what the future might bring. What are your wishes for tomorrow?

Plâ¦",7
"RT @BIGHIT_INFO: Hyundai Global post with Jungkook

  https://t.co/LoYTz08uYP",7
"RT @BABANGTAN_LRB: PARK JIMIN

#HyundaixBTS #BTS #JIMIN #Hyundai #HangeulDay #Hangeul #JM @BTS_twt https://t.co/JDkiuenQ4z",7
"RT @eternalsummerjk: Jungkook @ Hyundai Motors X BTS âHangul Dayâ

OCEAN
May the sea be always full of life, now and forevermore 
For you aâ¦",7
"RT @Jeonjungkook_SG: [WEIBO] On the following Weibo post, Jungkook was praised for his looks as he look refresh in a sunshine boyfriend styâ¦",6
"@Hyundai_Global Hi @Hyundai_Global!
j-hope's name is wrong. The exact name is j-hope, not J Hope!
Please correct his name as soon as possible. Thank you!",6
"RT @ssujams: instagram | hyundai lifestyle 
https://t.co/Xt0UssV9BL
#BTS #ë°©íìëë¨ @BTS_twt https://t.co/3e46xzWhxs",6
"RT @purple2sakura: @Hyundai_Global Tomorrow~
Here's to a tomorrow
that's brighter than today
For you and me
For us all 
ð https://t.co/8Dx7â¦",6
"RT @modooborahae: .@Hyundai_Global IG story

@BTS_twt #BTS #ë°©íìëë¨ https://t.co/jHDjtlkRUw",5
"RT @PriyaBabyAlpaca: @Hyundai_Global ""May all living things,  be blessed by the sun forever,  for your and me,  for us all"" -Kim Namjoon htâ¦",5
RT @BTSPressData: âThe number of the global audience that HYBE estimated in February last year in preparing for the global tour was 2.2M. Nâ¦,5
"RT @BTSupdate_7: [ð¥]
Hyundai x BTS - Hangeul day â¥ï¸

Jungkook: ""May the Sea be always full of life, now and forevermore. For you and me, foâ¦",5
"RT @seoktr: I really love Hyundai Hangul Day videos with BTS

Joon with Sun
Seokjin with Sky
Jungkook with Oceon
Tae with Wind
Hobi with Moâ¦",5
"RT @ParkJiminUSA95: Hyundai x BTS | Hangeul Day - Jimin

âHereâs to a tomorrow thatâs brighter than today. For you and me, for us all.â

#Hâ¦",5
RT @fairy_yoongs: @choi_bts2 @Hyundai_Global @BTS_twt Happy hangul dayy!! https://t.co/YsBJhNLyGD,4
"RT @BABANGTAN_613: BTS x Hyundai | Hanguel Day

BTS hd wallpaper (LRB VER)

#NAMJOON #RM #SEOKJIN #JIN #YOONGI #SUGA #HOSEOK #JHOPE #JIMINâ¦",4
"RT @purple2sakura: @Hyundai_Global Ocean~
May the sea be always Full of life
Now and forever more
For you and me 
for us all
ð https://t.coâ¦",4
"RT @ssujams: instagram | hyundai lifestyle 
https://t.co/WiXPMG8R74
#BTS #ë°©íìëë¨ @BTS_twt https://t.co/LM8TmREsRb",4
"RT @BTSupdate_7: [ð¥]
Hyundai x BTS - Hangeul day â¥ï¸

Jimin: ""Here's to a tomorrow that's brighter than today. For you and me, for us all.""â¦",4
"RT @PrimeAutos_: Hyundai Elantra 2013 (registered)

ð¸2,850,000
ð¸Swap Deal Available

CALL/WHATSAPP: 09093532474

#primeautos #ol https://t.â¦",4
"RT @myonlyTAEger: [INFO] Hyundai Lifestyle instagram update with Taehyung for Hangeul day

âMay cool and refreshing winds be with us foreveâ¦",4
"RT @DearMoon246: Their beautiful hands, their beautiful faces, their beautiful voicesâ¦Hyundai was brilliant with the simplicity of their goâ¦",4
"RT @thejimincrave: Hyundai Ã BTS - Hangul Day - Jimin

ð¥: Hereâs to a tomorrow thatâs brighter than today. For you and me, for us all.

#JIâ¦",4
"RT @Hyundai_Global: Ensuring a brighter future for the next generation.
Not only for mankind, but every species.

#Hyundai is in progress tâ¦",3
@taycooperband @Hyundai Hun-day,3
"RT @Sunn_003: @Hyundai_Global Min Yoongi, I really love you so much. https://t.co/6Ru7JBP4L3",3
RT @fairy_yoongs: @choi_bts2 @Hyundai_Global @BTS_twt Beautiful words chosen by 7 angelsð¥º https://t.co/od5Qu9c6N4,3
"RT @Annie_Chimchim: @Hyundai_Global the star that illuminates the days with its brightness and makes me very happy and that is you. 

I lovâ¦",3
"RT @BTSupdate_7: [ð¥]
Hyundai x BTS - Hangeul day â¥ï¸

Taehyung: ""May cold and Refreshing winds be with us forever. For you and me, for us alâ¦",3
"RT @ssujams: instagram | hyundai lifestyle 
https://t.co/JAG0iV7dau
#BTS #ë°©íìëë¨ @BTS_twt https://t.co/iY1nYkWWYJ",3
"RT @BTSupdate_7: [ð¥]
Hyundai x BTS - Hangeul day (1/2)â¥ï¸

Suga: ""May the earth grace us, with abundance for many generations to come. For yâ¦",3
"RT @JinCrave: #JinUpdate

Please go to Instagram to like and comment on Jin's video fo Hyundai. 

âï¸
May clear blue skies exists 
beyond soâ¦",3
"RT @J_hopeBarChina: Hi @Hyundai_Global !
j-hope's name is wrong in your tweet. His name is j-hope, not J Hope!
Please correct his name as sâ¦",3
"RT @KTH_News: Aside from liking the tweet below, pls also like and comment on Hyundai Lifestyleâs Hangeul Day post for Taehyung on FB and Iâ¦",3
"RT @MySugaryYoongi: @Hyundai_Global ""Earth.
May the earth grace us
With abundance for many generations to come
For you and me, for us all""â¦",2
RT @Carscoop: 2023 Hyundai Ioniq 6: Everything We Know About The Electric Sedan As It Goes From Prophecy To Production | Carscoops #carscooâ¦,2
RT @Sunn_003: @choi_bts2 @Hyundai_Global @BTS_twt Beautiful time I love. https://t.co/nrhcnHC1nL,2
"RT @AAHSoomro: Why can't Honda, Toyota, Suzuki, Hyundai, KIA or Changan sell cars directly to the customers instead of dealers? Customer woâ¦",2
RT @RURUV4: @choi_bts2 @Hyundai_Global @BTS_twt I was healed by the beautiful BTS and beautiful nature today.I think the individual words aâ¦,2
"RT @nikolamotor: In 2019, Nikola, @airliquideusa, Hyundai, Nel Hydrogen, @shell_us, and Toyota formed a partnership to address the currentâ¦",2
"RT @fuelcellsworks: Top of the list Story this Week: As Hyundai's Announced that its NEXO Sales In #Europe Exceed 1,000 Units &amp; that it isâ¦",2
"RT @jaclyn1277: @choi_bts2 @Hyundai_Global @BTS_twt For you and me, for us all.. happy hangul day! âºï¸ð
@BTS_twt @Hyundai_Global https://t.câ¦",2
RT @JJK_Times: Jungkook @ Hyundai Lifestyle Instagram Update (4/4) https://t.co/efTJo2TLiy,2
"@Hyundai_Global Getting a beautiful professional website is not as difficult as it seems when you meet experts: https://t.co/CZ3FmczdOt
#strictly ##SCOISR #BillyGilmour ##TheHitList #Dykes #Patterson ##ANDENG #GrandFinal #Shirley #Andora #Flux #EmmaThompson #Steveclarke #Judi #SaturdayNight",2
"RT @HMGnewsroom: Letâs discover more stories of #Hyundaiâs vision, #Robotics technology and the ãHello, Robot. Design between Human and Macâ¦",2
RT @JJK_Times: Jungkook @ Hyundai Lifestyle Instagram Update (3/4) https://t.co/AuXHY3Bhtl,2
RT @Jimbaby7: @Hyundai_Global Models should be thankful the world's most perfect face chose the music industry! ð https://t.co/FJ1XJoGOrr,2
RT @KFCBarstool: How about this scene outside the Lincoln Tunnel? Transit cops just going police brutality on that Hyundai Elantra. Kickingâ¦,1
RT @Koreandogs: Action Alert! Stop the South Korean dog and cat meat cruelty! ð¿ð¢ð­â #dogmeat #catmeat #animalcruelty #SouthKorea #Korea #íêµ­â¦,1
RT @Ot7Liz: @Hyundai_Global @ZER0XBLACK The poet....... his poetry ððð https://t.co/Gz2GCqEiqG,1
"RT @Jimbaby7: @Hyundai_Global ""Like the endless waves, our possibilities are infinite."" https://t.co/1cGYtyAevt",1
RT @LakelandHyundai: Selvyn McFarlane knew just where to come to get his #NewCar - #LakelandAutomall and salesperson #GregCohen helped himâ¦,1
RT @JJK_Times: Jungkook @ Hyundai Lifestyle Instagram Update (2/4) https://t.co/BYGpDu0ggk,1
"#APDStealAlert: 2014 Hyundai Sonata 4D - CO LIC/CFEK15 - IF SEEN DO NOT APPROACH, CALL 911",1
"RT @HW_jhs: Hi @Hyundai_Global!
j-hope's name is wrong. The exact name is j-hope, not J Hope!
Please correct his name as soon as possible.â¦",1
"RT @ILoveanimalstoo: This dog was always hiking around Hyundai Motor Company in Brazil

The company staff saw him, adopted &amp; took full careâ¦",1
"RT @Hyundai_UK_PR: NEWS: Multiple Carbuyer Best Car Awards as TUCSON named âCar of the Yearâ

https://t.co/ATBIJP4klO",1
"It was a slip and slide out there today. We should be dry and fast tomorrow! ðªð¼

@BHA @Hyundai https://t.co/ZbwgclfogZ",1
Jimin and his kind word really touch our heart â¤ @BTS_twt @Hyundai_Global #JIMIN #JIMINTOBER #JIMINDAY #ë°©íìëë¨ì§ë¯¼ #ë°©íìëë¨ https://t.co/YKofJpp9kb,1
Just posted a photo @ Hanford Hyundai https://t.co/ppVlTgFou8,1
"MY MOM JUST CALLED HYUNJIN 

HYUNDAI 
NAKSMSNSJKSNS
GET ME OUT OF THIS HOUSEHOLD",1
"Michael Lyng Motors Hyundai Senior Championship Group A
Round 3
Young Irelands vs Windgap in Gowran, at : 11:00 am. Tomorrow Sunday. Referee is Liz Dempsey.   Please come along and support or Senior Camogie team. https://t.co/z0glLhJQdi",1
Not a lot of action for the @Hyundai's today @VIRNow as it was a rain soaked practice session. So instead...we're taking you inside the cockpit of the #33 #ElantraN #TCR with @MWilkins! @IMSA https://t.co/ZwA2Ysmdg3,1
Odor bomb ð£ for the win ð #davesdetailingllc #hyundai #hyundaielantra #booknowâ¨ @ Cedonia https://t.co/J3alSyN7Z3,1
"Oh no! Aurora PD MVT Alert (APDStealAlert) misspelled Tucson. Also, did you know that the Hyundai SUV is named after Tucson, Arizona? #itstucson https://t.co/EomvJKDxX5",1
"REVIEW - Hyundai Ioniq 5 |  We find out if the new electric car from Hyundai is as good in real life as it looks on paper. 

FULL REVIEW: https://t.co/n0pCdbpxzr

#carreview #hyundai #cars",1
RT @24wheel_news: #Hyundai that's fine if the Sonata Station wagon isnt going to happen let's render https://t.co/rmG2SV9TUQ,1
RT @Annie_Chimchim: @Hyundai_Global He is joonie: the guy ver cute and handsome that love â¤ https://t.co/9OxdTiR4eo,1
RT @Annie_Chimchim: @Hyundai_Global OMG.... jungkook is all a cute angel ð­ð https://t.co/eTAj6VJce2,1
"RT @Annie_Chimchim: @Hyundai_Global The pretty boy , is Tae Tae.
#TAEHYUNG #HangeulDay #HyundaixBTS https://t.co/zv3jT86qnm",1
RT @Annie_Chimchim: @Hyundai_Global my poet and my cute angel is jinie ssii ð https://t.co/AyFayn8Dqj,1
RT @BHA: Not a lot of action for the @Hyundai's today @VIRNow as it was a rain soaked practice session. So instead...we're taking you insidâ¦,1
RT @BTS_JK_FOREVER1: @Hyundai_Global His smile making me love him more than I ever thought I would https://t.co/BOCYF2LseY,1
"RT @BTS__BIGHlT: Happy Hangul day 

HYUNDAI Ã BTS

@BTS_twt
@Hyundai_Global
[https://t.co/Zu0Bf7j0fv]",1
"RT @BTSupdate_7: [ð¥]
Hyundai x BTS - Hangeul day â¥ï¸

J-Hope: ""May happy, bright morning greet the next generation everyday. For you and me,â¦",1
"RT @BTSupdate_7: [ð¥]
Hyundai x BTS - Hangeul day â¥ï¸

Jin: ""May blue clear skies exists beyond song lyrics. For you and me, for us all.""

ð¥ºð¤â¦",1
"RT @CarbuyerUK: The winner of our Best Family Car award for 2022 is the stylish, practical and impressively upmarket Hyundai Tucson SUV @Hyâ¦",1
"RT @CoachDuggs: @taycooperband @Hyundai In Florida, it rhymes with Sunday.",1
RT @Daily_JKUpdate: @Hyundai_Global So handsome jungkook https://t.co/bH8y9PKtXL,1
"RT @Daily_JKUpdate: JUNGKOOK for Hyundai âHangeul dayâ

ð°: ""May the Sea be always full of life, now and forevermore. For you and me, for usâ¦",1
"RT @DawnieJiminie: @Hyundai_Global Jimin is so perfect , thank you Jimin for being the best role model and artist . We love you. ð

#StageCâ¦",1
RT @FCIndia_: The #Hydrogen Heavy Duty Vehicle Industry Group â @airliquidegroup @Hyundai_Global @nelhydrogen @nikolamotor @Shell &amp; @Toyotaâ¦,1
"RT @HalloFeld: 1 VW golf 41cm shorter
3 Opel corsa - 63cm
4 Fiat 500 - 106
6 VW T Roc - 46
7 VW Up - 115
8 Hyundai Kona - 51
9 Opel Mokka -â¦",1
"RT @HarryGottsacker: It was a slip and slide out there today. We should be dry and fast tomorrow! ðªð¼

@BHA @Hyundai https://t.co/ZbwgclfogZ",1
RT @Hyundai: Canât wait for the future to arrive? See what tomorrow holds today. Happy Hydrogen Fuel Cell Day from NEXO. #HydrogenNow #NEXOâ¦,1
"RT @Hyundai_Global: Every being has the right to expect a better tomorrow.
We are #ExpectingGenerationOne, the first generation to live carâ¦",1
"RT @PriyaBabyAlpaca: @Hyundai_Global ""May clear blue skies exists beyond song lyrics, for you and me, for us all"" 
- Kim Seokjin ð
#Seokjinâ¦",1
"RT @bangtanboysph: [ð¥] Jimin for #Hyundai 
#HyundaixBTS @BTS_twt ð https://t.co/RfM3xdFwbL",1
RT @RURUV4: @choi_bts2 @Hyundai_Global @BTS_twt I love this kind of campaign video.Feeling beautiful things will purify your mind.ð¥°ððð³ httpâ¦,1
"Victoria left her Hyundai behind and joined Wrangler Nation today !!! We sell a lot of Jeep Wranglers here in Brookfield, it's one of our specialties. Thank you for your business Victoria, enjoy!!!!!! https://t.co/TLzEJEOUTi",1
"Todayâs tow-in totals:
2018 Chrysler Pacifica
2019 Hyundai Tucson https://t.co/NXJjaLN95S",1
"This is a picture of the man responsible. He was with a woman who was in the passenger seat. They were driving a black Hyundai Sonata Sport with Marion, MS plates and left before the police showed up. https://t.co/XTcN30ZfWN",1
There just aren't enough TCR cockpit tours out there. Great to see one here of the Hyundai Elantra N TCR. #TCRSeries https://t.co/eXneFjeR53,1
The way my homosexual friend whips his Hyundai is honestly impressive,1
The revolutionary #hyundai #ioniq5 #hyundaiioniq from Brooklyn Hyundai Seaford. Video coming soon on channel! @ Brooklyn Hyundai https://t.co/3ovMj0NM9L,1
"The Hyundai Santa Cruz has all the conveniences of a pickup with the drive of a crossover. 

#EmpireHyundai #Hyundai #SantaCruz #SUV #Pickup
https://t.co/odIHKRebBV",1
"The Hyundai Santa Cruz drives like a crossover in a pickup package. 

#GrahamHyundai #Hyundai #SantaCruz #SUV #Pickup
https://t.co/iWy0cAck2s",1
Thank you for make such a sweet conceptâ¤ @BTS_twt @Hyundai_Global https://t.co/a5xd5elqTR,1
Suga and his great thoughtð @BTS_twt @Hyundai_Global #SUGA #BTSSUGA #ë°©íìëë¨ìê° https://t.co/PjMst0MsL4,1
"So beautiful and healingð¤

Sun - Namjoon
Sky - Jin 
Ocean - Jungkook 
Wind - Taehyung
Morning - J-Hope
Earth - Suga
Tomorrow - Jimin

Hyundai x BTS | Hangeul day 

https://t.co/Sm5e0EaLLB",1
"So I recently bought a 2022 Hyundai Tuscon Hybrid. Got it yesterday. After doing a lot of research on hybrids before buying it, and driving it for one day, I'm convinced the days of non-Hybrids are over. By 2024, there won't be any non-hybrids on the new car market. Maybe 2023.",1
"Shell, Air Liquide, Nikola, Toyota and Hyundai among companies backing hardware for high flow heavy duty fueling standard H70HF âto enable projected fueling times competitive to diesel fueling times"" says Nikola Chief Engineer
https://t.co/cyvruK03ep",1
"Selvyn McFarlane knew just where to come to get his #NewCar - #LakelandAutomall and salesperson #GregCohen helped him find his #Perfect #Hyundai #Elantra that had everything he needed. #ThankYou Selvyn for choosing us and if we can do anything, we're here for you! #GreatService https://t.co/fdngiRbm3J",1
Santa FE SM MK1 00-06 Wagon 5D COB Projector Headlight Chrome for HYUNDAI LHDÂ #eBayðµð­ https://t.co/LlDOavEMhy,1
"S M I L E - We are having fun at VIR! Weather kept us from making any laps this morning, but we are making the best of it. Race day is tomorrow from 
@VIRNow!

@BHA @Hyundai @afspnational https://t.co/uYwdmOi493",1
Rear Brake Shoes Set Shoe Parking 0986487581 for Hyundai Amica AtozÂ #eBayð¬ð§ https://t.co/cEzpkEjdDM,1
"RT @yoongitrends: ð½ | Hyundai x BTS

Hangeul day 

#SUGA: May the Earth grace us with abundance for many generations to come. For you and mâ¦",1
"RT @ttokitae: 211009 Hyundai Lifestyle Instagram

#ë°©íìëë¨ @BTS_twt. https://t.co/ZT2d3x4dZU",1
"RT @thetaeprint: [INFO] Hyundai Lifestyle instagram update with Taehyung

âMay cool and refreshing winds be with us forever. For you and meâ¦",1
"Uh-oh! Joe Beernink (JoeBeernink) misspelled Tucson. Also, did you know that the Hyundai SUV is named after Tucson, Arizona? #itstucson https://t.co/Nj3Jlggmt6",1
"We passed the Daughters of the Confederacy building in Richmond on our way to the art museum. It is a marble edifice with PRIVATE PROPERTY and STAY OFF GRASS signs studding the lawn, and a beat-up Hyundai parked on the grass. A little on-the-nose. https://t.co/FKBKmzsp3g",1
RT @RealTenille: @judgar64 Thatâs unfortunate @HyundaiCanada. Central East SK is having a huge issue with anti vax people and as a result wâ¦,1
What a great day to pick up a new car! Congratulations to this beautiful family on the purchase of their new 2022 Hyundai Palisade! Thank you Terry &amp; Randie of Chambersburg P.A. for choosing Massey Hyundai. Enjoy your new #SUV! ððð https://t.co/7b5MfVg3qA,1
"ðððð look whose image this company has and promoting trust, transparency ððð. You mean SRK and trust and transparency.

Kyaaa Hyundia drugs hai ???????

#AryanKhanDrugCase 

@Hyundai_Global @HyundaiIndia https://t.co/vG906AXb2e",1
ð· #longisland #used cars #queens #brooklyn #bronx #newjersey #carfax #nassau #Suffolk #GreatneckMotorsports #Acura #Audi #Bmw #dodge #ford #Mustang #Hyundai #honda #Infiniti #Jeep #landrover #mazda #Nissan #Subaru #Toyota #Volkswagen... https://t.co/n7Ojj3WLy2,1
ð· #longisland #used cars #queens #brooklyn #bronx #newjersey #carfax #nassau #Suffolk #GreatneckMotorsports #Acura #Audi #Bmw #dodge #ford #Mustang #Hyundai #honda #Infiniti #Jeep #landrover #mazda #Nissan #Subaru #Toyota #Volkswagen... https://t.co/jv0m51P9tB,1
ð· #longisland #used cars #queens #brooklyn #bronx #newjersey #carfax #nassau #Suffolk #GreatneckMotorsports #Acura #Audi #Bmw #dodge #ford #Mustang #Hyundai #honda #Infiniti #Jeep #landrover #mazda #Nissan #Subaru #Toyota #Volkswagen... https://t.co/DmuwBbZ6lI,1
ð· #longisland #used cars #queens #brooklyn #bronx #newjersey #carfax #nassau #Suffolk #GreatneckMotorsports #Acura #Audi #Bmw #dodge #ford #Mustang #Hyundai #honda #Infiniti #Jeep #landrover #mazda #Nissan #Subaru #Toyota #Volkswagen... https://t.co/4AvxkycYuv,1
"ð¯BEST** â¤ (Hyundai HL740-3(#0848-) Wheel Loader Service Repair Workshop Manual DOWNLOAD)
ðD0WNL0AD LINK â¤ https://t.co/eWzjEHxBFU

Original Factory Hyundai HL740-3(#0848) Wheel Loader Service Repair Manual is a Complete Informational Book. This Service Manual has... https://t.co/LZvZqHsVch",1
"â@BTS_twt â¡Â°â
â à¼ à¿à¾ãday 282 of 365 ð

went shopping, did some uni work and rested a bit!! we got hyundai worldwide videos for hangul day! i hope y'all are doing well and had a great day ð¥º take care, i love y'all so much ð¤ https://t.co/FDfNyW6iXC",1
"there is a reason why popular pickups like Silverado are big and ugly

this is what people want

nobody wants a pickup that looks like Honda Ridgeline, Hyundai Santa Cruz or Rivian ...",1
"sun, sky, ocean, wind, morning
earth, tomorrow.

they are so breathtaking and healing. 

the way each of them conveyed such meaningful yet beautiful Hangul words and messages to the world through hyundai's hangul day campaign, just gives out so much warmth and comfort! https://t.co/vTjwuXLZ83",1
please retweet:) Is Hyundaiâs Kona EV the Best Electric Car on the Market? https://t.co/lQk4wb1Uym,1
i saw this girl ik who always posts with an audi and lexus on instagram today filling up like a 2009 hyundai like people in atl are so fakeeeeee lmao i just cackled,1
"https://t.co/gSeEC0mNZM Come and test drive this 2011 Hyundai Sonata 4dr Sdn 2.4L Auto GLS *Ltd Avail*. It has 78,883 miles. #Hyundai #Sonata #Manchester #BestAutoSalesLLC",1
"https://t.co/U68rg21kv1 Look what just came in... With 54,980 miles, a 2018 Hyundai Elantra. #Hyundai #Elantra #Jamaica #HillsideAutoMallInc",1
"https://t.co/LE50dHAh4b Call us to find out more about our 2009 Hyundai Sonata 4dr Sdn I4 Auto GLS with 68,324 miles. #Hyundai #Sonata #MiddleVillage #MiddleVillageMotors",1
"https://t.co/8TJDdNcARB WOW! A 2018 Hyundai Santa Fe Limited Ultimate 3.3L Auto AWD with 25,828 miles. #Hyundai #SantaFe #Jamaica #HillsideAutoMallInc",1
"combination of small size and smooth shape makes it look cheap

most people will associate with with Honda Ridgeline or some other crossover based pickup like the new Hyundai Santa Cruz https://t.co/pZp3s8kpWP",1
"[VIDEO] Hyundai Ã BTS

Hangeul day celebration | #SUGA

Writing something with your hand makes your mind engage with the information. Join SUGA as he writes down his thoughts about the future.

#HyundaixBTS #HangeulDay #Hangeul #BTSSUGA #ìê° (@BTS_twt)
https://t.co/5iGWJd6GZg",1
You buy a Hyundai they gonna ask what you ainât get the Honda. You cop Bmw they gon ask why you ainât get the Benz. You get a Ferrari they gon ask why you ainât get the lamb. Moral of the story do you.,1
Why does Skokie/Evanston police have undercover Hyundai SUVs ???? ð¤¨,1
"RT @theomgcosplay: I just want to get railed in a used Hyundai Sonata, is that too much to ask? ð https://t.co/ASHCUROyJA",1
"RT @taylorhaglerms: S M I L E - We are having fun at VIR! Weather kept us from making any laps this morning, but we are making the best ofâ¦",1
"RT @taejinkvj: Hyundai x BTS | Taehyung &amp; Jin ð¯ð¹

ð¯: âMay cool and refreshing winds be with us forever. For you and me, for us all.â

ð¹: âMâ¦",1
"RT @streamfortae: Tap â¥ï¸ and comment for #TAEHYUNG #V â

â¢ FILA
1.https://t.co/n80TsKgvBv
2.https://t.co/fltfOY801S
3.https://t.co/wv39gX34â¦",1
"RT @drpeppermilk: @choi_bts2 @Hyundai_Global @BTS_twt Btw, hope you can help spread the word for Jiminâs birthday âºï¸",1
RT @dimplecraze1: Good morning. I love how Hyundai and â¦@BTS_twtâ©  made this together. #Jhope looks so fitting for a calming morningðð httpâ¦,1
RT @dilfsstrange: So this turned out to be just commercial footage I lowkey wanted to see Thor driving a Hyundai in the finale https://t.coâ¦,1
"RT @cH2ange: Not one, but TWO new #hydrogen fuel cell system plants to be built by Hyundai Mobis in South Korea ð§!

ð Mass production to stâ¦",1
"RT @btsfanbaseina: Hyundai Lifestyle Instagram (7) 

(https://t.co/r3x6KNwVoI)
#BTS #ë°©íìëë¨ @BTS_twt
ð°
 https://t.co/M8OihNhFYO",1
"RT @btaigooo: ð½ï¸ | VIDEO 

â Hyundai lifestyle en InstagramÂ¡! 

ðï¸ https://t.co/qrOgR02XLz

@BTS_twt | #SUGA #YOONGI #BTS

 https://t.co/Ueâ¦",1
"RT @btaigooo: ð½ï¸ | VIDEO 

â Hyundai lifestyle en InstagramÂ¡! 

ðï¸ https://t.co/dg4cn98Kj8

@BTS_twt | #RM #NAMJOON #BTS 

 https://t.co/R4â¦",1
"RT @btaigooo: ð½ï¸ | VIDEO 

â Hyundai lifestyle en InstagramÂ¡! 

ðï¸ https://t.co/5kHePWd0XF

@BTS_twt | #JIMIN #BTS

 https://t.co/HEdVbUgyCG",1
"RT @bendjiradou: @choi_bts2 @Hyundai_Global @BTS_twt Full video with Eng subs ð
https://t.co/12Rwprnafq",1
"RT @bangtanboysph: [ð¥] Jungkook for #Hyundai 
#HyundaixBTS @BTS_twt ð https://t.co/lAWY7AS5m2",1
"RT @bangtanboysph: [ð¥] Jin for #Hyundai 
#HyundaixBTS @BTS_twt ð https://t.co/cKwLWVBdBx",1
I was today years old when I learned the difference between a Honda and a Hyundai #TheMoreYouKnow,1
"RT @_iamseokmi: @Hyundai_Global Hi @Hyundai_Global!
j-hope's name is wrong. The exact name is j-hope, not J Hope!
Please correct his name aâ¦",1
"RT @WheelnutMedia: Sliding into Saturday evening likeâ¦
â¢
â¢
â¢
#hyundai #hyundaimotorsport #hyundaii20wrc #i20n #i20wrc #i20r5 #r5 #wrc #rallâ¦",1
"RT @W52Moonchild: @Hyundai_Global ""Hangeul holds the ARMY world together. The power of language lies in its ability to teach us how to loveâ¦",1
"RT @Sv__________v2: 211009_Hyundai Worldwide_1080p.mp4

https://t.co/zDSKSijCNp",1
"RT @Sunn_003: @Hyundai_Global Hobi, is beautiful energy i love. https://t.co/cpJokz3vr4",1
RT @Sunn_003: @Hyundai_Global He is the most beautiful flowers to me. https://t.co/z0ekgsBEaq,1
"RT @SamPatersonEDU: @mel_jenkins1986 @AnthonyGermain An EV was out of our range, so we went for a PHEV to hold us over to our next vehicleâ¦",1
RT @elisiashoppe: 2016 #HYUNDAI #SANTAFE OWNER MANUALS USER GUIDES Insurance Cover #Manual Cover ENDS SOON     https://t.co/OR1on00dCJ viaâ¦,1
"RT @fatemeh7for7: jinyoung was filming devil judge when he was changing agency, he made encore for us despite all the hassles
After that heâ¦",1
"RT @hope_stream: Hi @Hyundai_Global!
j-hope's name is wrong. The exact name is j-hope, not J Hope!
Please correct his name as soon as possiâ¦",1
RT @pRincessmaia26: @Hyundai_Global Why do I see a producer rather than Yoongi of BTS in this photo sequence? ð¤­ðð¥° #YOONGI #SUGA #HYUNDAIxBTâ¦,1
RT @starryquin: @Hyundai_Global jiminie is so pretty ð¥ºð https://t.co/2ZQhIbOlLT,1
"RT @saookichanyo_bg: âªï¸âªï¸|| @BTS_twt 
ââ RESUMEN DE HOY:
âFila x BTS.
âSmash x BTS.
âHyundai x BTS.
âShinhan Card x BTS.
âKloud Beer x BTS.â¦",1
"RT @rocksonbaduor: 2021 Hyundai Kona
2.0L V4
Petrol Engine
Automatic Transmission
White Color
259 Miles
*American* Specifications

$14,500â¦",1
RT @rmnewsdata: @Hyundai_Global Namjoon looking gorgeous as ever.. ð https://t.co/QPVcZ227cx,1
RT @rishabh_haridas: @dezmondOliver Come race me then. I'll smoke your model Y in my Hyundai. I have literally provided you sources and eviâ¦,1
"RT @purple2sakura: @Hyundai_Global Wind~
May cool and refreshing winds be with us forever
For you and me
For us all
ð https://t.co/ZEKPJp8Uâ¦",1
"RT @purple2sakura: @Hyundai_Global Earth~
May the earth grace us
With abundance for many generations to come
For you and me 
For us all 
ðâ¦",1
RT @pRincessmaia26: @Hyundai_Global Why does Kim Taehyung look soo attractive even with just holding a pen while thinking what to write? ð¤­ðâ¦,1
RT @pRincessmaia26: @Hyundai_Global JK is soo pretty ð¤­ðð¥° #JUNGKOOK #JJK #HYUNDAIxBTS #HangeulDay https://t.co/NDkGIcrYIO,1
"RT @hyceindia: Jai Mata Di!
Hyundai CE India wishes everyone a very Happy Navratri.
May goddess durga light your life with infinite blessinâ¦",1
"RT @nevinsdaniel: @Cernovich Auto collision shop here, we canât get parts. Honda, Ford, Hyundai, all of them are seriously delayed due to nâ¦",1
"RT @mylollies7bts: @Hyundai_Global When u're with me..my everyday will be a paradise ð¥ºð..my today , tomorrow nd all the days will be beautiâ¦",1
"RT @mercoglianos: EU may block Hyundai's mega acquisition deal with Daewoo Shipbuilding | Korea Times
 https://t.co/npdwpqHglC",1
"RT @love_seokjin: ð[ Hyundai Worldwide ] 211009
What do you think when you.. ? JIN is contemplating what future generations might see.
FB ââ¦",1
"RT @latamjhope: @Hyundai_Global Hi @Hyundai_Global, thank you for the post but you spelled j-hope's name wrong. His name is j-hope, with aâ¦",1
"RT @itsOT7paprika: @Hyundai_Global Tomorrow-

Here's to a tomorrow that's brighter than today for you and me, 
For us all~~

PARK JIMIN ð¥ hâ¦",1
"RT @itawrh20: Hyundai x BTS - Hangeul day â¥ï¸

Jimin: ""Here's to a tomorrow that's brighter than today. For you and me, for us all.""
ðð¤ðððâ¦",1
"RT @hyundaizimbabwe: Congratulations Nyasha!!!
It is bitter to see one leave, but sweet to see them grow.  The entire Hyundai Team wishes Nâ¦",1
Ignition Wires Leads Set Kit Cable 0986356898 for Hyundai S Coupe Amica AtozÂ #eBayð¬ð§ https://t.co/Ghgsj4KuUf,1
I love my new car. 2022 Hyundai Palasades https://t.co/DP1O1XqcfC,1
"I really love Hyundai Hangul Day videos with BTS

Joon with Sun
Seokjin with Sky
Jungkook with Oceon
Tae with Wind
Hobi with Morning
Yoongi with Earth 
Jimin with tomorrow 

It's all sequential from the sun to sky to oceon to wind to morning to earth to tomorrow https://t.co/UiAZ6jgelT",1
"@Hyundai_Global Jungkookie, Images that calms to my heart ð¬ï¸ðð https://t.co/BKME1M5D90",1
@Hyundai_Global Our sweetie love Joonie ððð,1
"@Hyundai_Global Our sunshine, our hope, his hope, Hoseok ð",1
@Hyundai_Global Our lovely Park Jimin ð,1
@Hyundai_Global Our cutie pie Kookie,1
@Hyundai_Global Now that #BTS has brought the world together through their accomplishments and broken barriers in their music. Bring the world together and #GLOBALPEACE #HyundaixBTS #THEWORLDMATTERS. #ð,1
@Hyundai_Global My universe ð,1
@Hyundai_Global My meow meow is so pretty ð» https://t.co/966XQBd12Y,1
@Hyundai_Global My Hopelove https://t.co/I96qcn2cwT,1
@Hyundai_Global Lovely JK,1
@Hyundai_Global Kim Taehyung #BtsV Is on another level. So proud of the winter bear,1
@Hyundai_Global Jungkook most handsome man in the world ð JK #1 ðð,1
@Hyundai_Global STOP BC HE LOOKS SO GOOD- ð https://t.co/maWULhJ9EV,1
@Hyundai_Global Jungkook is the best!,1
"@Hyundai_Global JIN, When I look to the skies, I see a bigger world we live in. No 2 skies are the same, they are forever changing. Beauty at it's best. Love the world and Everything in it!ðð¤ð¤ðð",1
"@Hyundai_Global JI-MIN, here's a Bright Day for a Better Tomorrow. Beauty at it's best from above. ðð¤ðð https://t.co/z51hI3FUTY",1
"@Hyundai_Global It's not more convenient, just more complex.",1
@Hyundai_Global I'm obsessed ð­ð­ððð,1
@Hyundai_Global I want to fulfill my all dreams that i've ever had.,1
"@Hyundai_Global Hyundai, you scored an ACE with Kim Taehyung. He exudes charm, relatability, confidence and calmness. His voice along with his visual ð¥",1
"@Hyundai_Global Hobi my sunshine, my hope is so magical â¨ https://t.co/6a78miLc22",1
"@Hyundai_Global Hi @Hyundai_Global!
j-hope's name is wrong. The exact name is j-hope, not J Hope!
Please correct his name as soon as possible. Thank you! https://t.co/dQhVbozp4e",1
"@Hyundai_Global Hi @Hyundai_Global !
j-hope's name is wrong in your tweet. His name is j-hope, not J Hope!
Please correct his name as soon as possible. Thank you!",1
@Hyundai_Global Park jimin  ðð,1
"@Hyundai_Global Seokjinie, when is it in a relaxed look full my peace â¨ð¬ï¸ð https://t.co/dLxlJZhgZ4",1
@Hyundai_Global He is a king and a angel ðð¥ºð¥º so handsome and pure,1
@Hyundai_Global he's so pretty #JHOPE #ì ì´í #ë°©íìëë¨ì ì´í #ãã½ã¯ #ì í¸ì #BTSJHOPE #ã¸ã§ã¤ãã¼ã,1
@Hyundai_Global why tae is so perfectð­,1
@Hyundai_Global there are words for such perfection,1
@Hyundai_Global taehyung you're everything ð,1
"@Hyundai_Global rm, it's too attractive I like it",1
@Hyundai_Global please come back home....we miss you,1
@Hyundai_Global my love kim taehyung and the road sweet night to 200 m,1
@Hyundai_Global love you jiminie ð,1
"@Hyundai_Global j-hope is the most beautiful person, especially because he's such a kind hearted human being ð¥° #JHOPE #ì ì´í",1
@Hyundai_Global i am bored and i am hereð,1
@Hyundai_Global https://t.co/hYnSfPIbHU Hello Everyone!âºï¸ Our manager is looking For scholar please create discord and heres the link  and please fill this up!,1
@Hyundai_Global beautiful ð¥º,1
@Hyundai_Global Suga poetððð #SUGA and #Hyundai are great â¼ï¸â¼ï¸â¼ï¸â¼ï¸  We love Suga,1
@Hyundai_Global Wow...on to destroy another brand,1
@Hyundai_Global Wow ð Today is  my birthday ðð,1
@Hyundai_Global Wow this is so sweet. Like sugar crystals in my heartð³,1
@Hyundai_Global What a beautiful talented humble manððð,1
"@Hyundai_Global We just want to drive our KONA ELECTRIC... It has (again) an electrical failure ðð¶ AND Hyundai France is NOT HELPING US.
VERY SAD â¹ï¸ðð",1
"@Hyundai_Global This clip somehow give me a comforting feeling in the chaotic world.

Thank you @BTS_twt n @Hyundai_Global for this initiative to highlight beautiful language

SUGA SUGA SUGA @BTS_twt https://t.co/K3jiIgcdSq",1
@Hyundai_Global There will forever be only one Jimin â¤ï¸â¤ï¸ððâ¤ï¸,1
@Hyundai_Global Tae... His vibe his style..his smile.. his sense of humour... Amazing man â¤ï¸ðâ¤ï¸,1
@Hyundai_Global Tae ðð Just relaxing ð¬ï¸ https://t.co/9eIwbLFns8,1
"@Hyundai_Global TAE, Reflecting on the skies of today, for the hopes of tomorrow ðð¤ðð https://t.co/WCy8JJmxCk",1
"@Hyundai_Global Hello @Hyundai_Global!
j-hope's name is wrong. The exact name is j-hope, not J Hope!
Please correct his name as soon as possible. Thank you!",1
@Hyundai_Global Gorgeous Jimin!  #Jimin,1
"#APDStealAlert: 2015 White Hyundai Tuscon SUV - CO LIC/AGSE15 - IF SEEN DO NOT APPROACH, CALL 911",1
@CoachDuggs @taycooperband @Hyundai HUN-DAY,1
@Hyundai I'm going to be disabling ABS and Traction Control and there's not a thing you can do about it. https://t.co/yIE1ckdAYc,1
@HotWheelsHype And i am here waiting for a new unit like a Hyundai or something https://t.co/HKDG6Gx84X,1
"@HarryGottsacker @BHA @Hyundai Best of luck for fast and safe laps tomorrow Harry!ððð
Send it to win it!!! ðªðª",1
@GurlzLuvvRay im giving Hyundaiâ¹ï¸,1
@FemboyBuilding Are you going to buy the Hyundai evolve too?? ð,1
"@DadInGeorgia @fitter_knitter Lol. My dad was an auto mechanic. If I ever even thought about buying a Ford, he would rise from his grave to smack me upside the head. (Mine is a Hyundai.)",1
"@CoreyLewis86 The Hyundai logo could do with an update, it looks incredibly dated in comparison to their cars.",1
@CodingHut @SKODAUK @KiaUK @Hyundai_UK @UKVolkswagen Skoda is closing the factories until the end of 2021. Only cars already produced will be prioritized. #enyaq,1
@CodingHut @SKODAUK @KiaUK @Hyundai_UK @UKVolkswagen Same here. The car is built but is waiting for one or two components.,1
@CoachDuggs @taycooperband @Hyundai Texas too.....it's Hun-Day,1
@CoachDuggs @taycooperband @Hyundai BTW I posted that in my Santa Fe,1
@Hyundai_Global @BTS_twt_TAEHYNG I only know how to write Koreanâð https://t.co/n8Lqtuoe77,1
@CP24 Looks like a Hyundai Santa Fe to me.,1
@BTSFRANCE_ @Hyundai_Global @BTS_twt ð£ + Army ð«ð·ð¥ ð¥³ https://t.co/nOaxlzpGCn,1
@AJA_Cortes You drove a Hyundai to work,1
410502B003 ACTUATOR-ENGINE CLUTCH for HYUNDAI KIA by FEDEX or DHL https://t.co/kATboDrmMo eBay https://t.co/t2yFGjGhEl,1
4 frat dudes in a Hyundai bumping logic. Nothing but vibes,1
3X Top Kayak For 2013-2017 Hyundai Santa Fe Luggage Bar + Roof Rack Carrier https://t.co/rxKCBehpIK eBay https://t.co/nzIWcWraI8,1
2023 Hyundai Ioniq 6: Everything We Know About The Electric Sedan As It Goes From Prophecy To Production | Carscoops #carscoops https://t.co/ZzBLFheHi1,1
2022 #Ford Maverick vs 2022 #Hyundai Santa Cruz: Compare Trucks https://t.co/MUsC0PTL7r #CarConnection #AutoWorld #PickupTrucks,1
"$AGO - BR: $46.73 -&gt; NOW: $50.34
 
What If...?âs ending was spoiled weeks ago by Thor in a Hyundai commercial

 Read more: https://t.co/NEufvnmzO4",1
"#JUNGKOOK for Hyundai â Hangeul day 

""May the sea be always full of life, now and forevermore. For you and me, for us all""

 https://t.co/ewqn4hI2un",1
"@Hyundai_Global #minyoongi world's best rapper and songwriter ððððððð
#SUGA #BTSSUGA",1
"@Hyundai_Global @BTSdailyinfo WE LOVE YOU JIMIN

JIMIN JIMIN
#StageCommanderJimin
#HelloJimintober
#HappyJimtober
#JIMIN",1
"@Hyundai_Global Getting a beautiful professional website is not as difficult as it seems when you meet experts: https://t.co/3KBg7vzwSz
#strictly ##SCOISR #BillyGilmour ##TheHitList #Dykes #Patterson ##ANDENG #GrandFinal #Shirley #Andora #Flux #EmmaThompson #Steveclarke #Judi #SaturdayNight",1
"@Hyundai_Global @mandakkoo Thank you JHope, you brighten up all my mornings.",1
@Hyundai_Global Everything about this is gorgeous ð,1
@Hyundai_Global Definition of beauty âºâºâºððð,1
@Hyundai_Global Beautiful ð,1
@Hyundai_Global A true legend... An icon.. everything that is amazing brilliant and beautiful in one man Jungkook â¤ï¸ðâ¤ï¸ðâ¤ï¸,1
@Hyundai_Global A magnificant man.. a man that inspires and motivates. Amazing legend Namjoon â¤ï¸ðâ¤ï¸ðâ¤ï¸,1
@Hyundai_Global A king a boss a legend. Min Yoongi. Suga. Agustd â¤ï¸ðâ¤ï¸ðâ¤ï¸,1
@Hyundai_Global @yumma_nany â¤ï¸â¤ï¸ððâ¤ï¸â¤ï¸ððâ¤ï¸ amazing Jin,1
@Hyundai_Global @yumma_nany Omg this amazing legend handsome J Hope. OUR HOPE ððâ¤ï¸â¤ï¸â¤ï¸,1
@Hyundai_Global @yumma_nany A man with laughter that lights up the world... A kind hearted caring soft strong man..and funny ...amazing Jin. â¤ï¸ðâ¤ï¸ðâ¤ï¸,1
@Hyundai_Global @rosehope218 I would like to learn it. Pls teach me.,1
@Hyundai_Global @mandakkoo Ocean is power,1
"@Hyundai_Global @BTStwt_THY Wind
May cool and refreshing winds 
be with us forever
For you and me
For us all
..,beautiful message ðð

#HangeulDay #Hyundai #BTSV #V https://t.co/x4lyX0zR56",1
@Hyundai_Global @mandakkoo My wishes for tomorrow is going to a BTS concert ð,1
"@Hyundai_Global @mandakkoo My man, I'm so proud of him, one day he will change the course of his country, I envision it.",1
"@Hyundai_Global @mandakkoo Meaning of words is not that important 'cause it changes from person to person, what really matters is emotions and sensations, those are universal.",1
@Hyundai_Global @mandakkoo It's the best way to study.,1
"@Hyundai_Global @mandakkoo I actually remember my trip to London, cause there clouds are different than where I live,  very odd. ð",1
"@Hyundai_Global @jmbtr13 JIMIN JIMIN 
#StageCommanderJimin
#HappyJimtober
#ParkJimin @BTS_twt",1
@Hyundai_Global @RWL92_ I actually feels like crying ð­,1
"@Hyundai_Global @PJM_data I pray all the best for you Jimin. 
Your tomorrow is to be filled with laughter and happiness ðð
Jimin Jimin
#HappyJimtober 
#StageCommanderJimin 
#JiminWeLoveYou #ParkJimin",1
"@Hyundai_Global @Maruti_Corp why dont you like to be first leader in electric car industry.
2030 is only for e cars. You will be like kodak.
No value for fule car.
Your debts wd be high.
Sales wd be zero.
Wt wd u do. If you cant think abt it let me do it for you. only 10 cr",1
@Hyundai_Global @Kookflakes Oh My beautiful Park Jimin,1
@Ivy01GT @suesustainable I am tempted by a Hyundai Ioniq next. Need to save the pennies.,1
@JeffTutorials I think they donât believe the hype and have to see it for themselves. Happens to me all the time in S. Florida. Itâs the Hondaâs and Hyundaiâs that really crack me up. I dust them and then slow down. They always have to speed by me like they won. ð¤£,1
@JustinFlood @Hyundai It was really nice... Probably the nicest non luxury midsized SUV. The interior is especially stunning.,1
Congratulations to James for taking delivery of a new 2022 Hyundai #Sonata N Line. Thank you for stopping by Massey Hyundai today for your new vehicle needs. Enjoy your weekend with the new car.ððððð https://t.co/uXCoxM4mbQ,1
Enjoy creating new memories with your family in the spacious and versatile new 2022 #Hyundai #SantaFeHybrid. https://t.co/l0XEcyzV4I,1
El Patronn: Hyundai Patents Steering Wheel With A Screen Right In The Middle https://t.co/gtYeAm6QTl,1
"EV Week is happening right now! Pier 27 in San Francisco today and tomorrow 11-4. Test drive a bunch of electric cars including BMW, Mini, Polestar, Tesla, Fiat, Hyundai and Chevy Bolt EUV! https://t.co/HhLUEkquOu",1
EU may block Hyundaiâs mega acquisition deal with DaewooÂ Shipbuilding https://t.co/hJ14H9Mgex,1
EU may block Hyundai's mega acquisition deal with Daewoo Shipbuilding | Korea Times https://t.co/2OIuVsXUsU,1
"EU may block Hyundai's mega acquisition deal with Daewoo Shipbuilding | Korea Times
 https://t.co/npdwpqHglC",1
"EU may block Hyundai's mega acquisition deal with Daewoo Shipbuilding

#shipping #strategy 
@koreatimes 
https://t.co/4gVyKm23Ij",1
Disc Brake Caliper-Unloaded Caliper Rear Left Reman fits 07-10 Hyundai Elantra https://t.co/2MHjZ8ICip eBay https://t.co/27Rs9hmJIB,1
"Different terrain in all kinds of weather conditions calls for performance you can count on. SANTA CRUZ is up for the challenge with available HTRAC All Wheel Drive capability, and an up-to 5,000-lb. towing capacity with the available turbocharged engine.â  #TRUCKtober #Hyundai https://t.co/8fmu9NybIW",1
Did you know that new @Hyundai cars can be stolen by 13 year olds in less than 90 seconds?  The only fix is to buy an after market steering wheel immobilizer you have to put on everytime you park?,1
"Congratulations and best wishes to Alexia of Martinsburg, WV on her purchase of a new 2022 Hyundai #Kona Limited. Welcome to the Massey Hyundai family! We hope you enjoy the new ride!ðð https://t.co/SRgq4Hom6M",1
FBMyNextCar: Hyundai Patents Steering Wheel With A Screen Right In The Middle https://t.co/wSPwBrlBNY,1
"But there is a notable exception - batteries. When I was 12, youâd be lucky if you could squeeze 10 min of action out of your Tamiya remote control car. Today Hyundai will sell you a full size automobile that will take you 500 km on one charge. Thatâs pretty awesome progress.",1
Before full Detail on this Hyundai Elantra ððð #davesdetailingllc #hyundai #hyundaielantra #booknowâ¼ï¸ @ Cedonia https://t.co/zwdq4AkYTH,1
"BTS x Hyundai | Hanguel Day

Young line  hd wallpaper (LRB VER) black &amp; white

#JIMIN #JM #TAEHYUNG #V #JUNGKOOK #JK #BTS #ë°©íìëë¨ #BTSWALLPAPER #btslockscreen @BTS_twt #BTS #ë°©íìëë¨ #HyundaixBTS #BTS #Hyundai #HangeulDay #Hangeul https://t.co/jpFP9tetOV",1
"BTS x Hyundai | Hanguel Day

Maknae line hd wallpaper (LRB VER) black &amp; white

#JIMIN #JM #TAEHYUNG #V #JUNGKOOK #JK #BTS #ë°©íìëë¨ #BTSWALLPAPER #btslockscreen @BTS_twt #BTS #ë°©íìëë¨ #HyundaixBTS #BTS #Hyundai #HangeulDay #Hangeul https://t.co/RR4Wh2LZ9L",1
"BTS X Hyundai | In celebration to Hangul Day is a series of clips of BTS writing their wishes for the future, ""For you and me, for all of us"".

Jimin: Here's to a tomorrow that's better than today.

1/7 https://t.co/euojxMOpsJ",1
"At this point, Iâm decorating my Hyundai as my living room and my bedroom, cause SHIT lol",1
"A commercial for the Korean version of the SNES.
This hardware was produced under license from Nintendo to Hyundai.
However, it is a mystery whether this commercial had acquired all the rights.

https://t.co/pm7Ft8XJNA
#retrogame",1
@volvoshine @Hyundai Did you like it?  Highly considering it for next car in a year or two.  My â16 civic is about to run over 100k.,1
@tommy_corner What? I hate Hyundaiâs too.,1
@tommy_corner He must be driving a Hyundai Rodney King.,1
Exhaust Muffler Assembly-Direct-Fit Rear BRExhaust fits 95-99 Hyundai Accent https://t.co/bYy5bN7Xeh eBay https://t.co/eIU09HnrXo,1
"Finally doing something about my car after using the backseat as ""storage"" for far too long. I never realized it, but if anybody is looking for a sedan with a cavernous back seat, the 2017 Hyundai Sonata is your ticket.",1
@Kareem2BeGreat Mine was over $200 and I got a 2015 Hyundai lol,1
"Hyunda's âExpecting Generation Oneâ                
https://t.co/Lyhe1LhE4j

#ExpectingGenerationOne #hyundai",1
"I know I am too slow but it's just a start ... ðð

#HyundaixBTS #BTS #V #Hangeulday #Hangeul #RM #ì¥êµ­ #ê¹íí #ë°©íìëë¨ #ë°©íìëë¨ì ì´í #3J #BTS_twt #btspakistaniarmy #pk_btsgirls #JHOPE #suga #JAKE #KIMSEOKJIN #JIMINJIMIN #PakBTSgirls @BTS_twt @Hyundai_Global https://t.co/TJRIM3LCNe",1
"I fueled-up my 2019 Hyundai Ioniq, 4.3 L/100km. #HyundaiIoniq",1
I don't even have a job and can't even drive but this mf right here making me wanna buy a car and you cant even see an actual hyundai car in the ad akshgdfkjds https://t.co/PVtD3GZxtd,1
"I assume he had two cars unless he cosigned one for Peter or Hezekiah because I swear people say ""Heeeeez Cumin In Ahhh Hyundai!!!"" whenever they shout in church ð¤ https://t.co/4AS7DkgaYz",1
"HyundaiÃBTS  | Jimin uses Hangeul day to think about what the future might bring. What are your wishes for tomorrow?

Please view, like &amp; comment for Jimin!
âªï¸https://t.co/AKQmlAhB6K

#StageCommanderJimin
 https://t.co/BJIF2kmbVx",1
Hyundai: Hyundai: help us to end the abhorrent cruelty and suffering of cats &amp; dogs in your country - Firma la petizione! https://t.co/h4YnS0v49z via @ChangeItalia,1
"Hyundai x BTS - Hangeul day...
JK: ""May the Sea be always full of life, now and forevermore. For you and me, for us all.""

@BTS_twt #HyundaixBTS #BTS #BTSARMY #JUNGKOOK #JEONJUNGKOOK https://t.co/2zVqTy34S8",1
"Hyundai x BTS - Hangeul day â¥ï¸

Jimin: ""Here's to a tomorrow that's brighter than today. For you and me, for us all.""
ðð¤ððð

#jimin #Hangeulday #HyundaixBTS #bts @BTS_twt https://t.co/qxJRgGbr1v https://t.co/AL8XgH1bvl",1
Hyundai is the rich person's Honda snd the poor person's Subaru,1
Hyundai Accent RB 1.6 GDI (2012-13) - Service Manual / Repair Manual - Wiring Diagrams https://t.co/IJT3awpZgJ,1
"Hi @Hyundai_Global!
j-hope's name is wrong. The exact name is j-hope, not J Hope!
Please correct his name as soon as possible. Thank you! https://t.co/5DK21lPXPS",1
Finally got a chance to at least drive the @Hyundai Tuscson Hybrid to see if the driving matches it's looks. Spoiler it does... This one is just the wrong color for me. https://t.co/m8GeodI8IZ,1
He always brings positivity â¤ @BTS_twt @Hyundai_Global #JINJIN #JinOstSoon #BTSJIN #ë°©íìëë¨ì§ #ë°©íìëë¨ https://t.co/fPUxO3s1KX,1
"Has own hat, will travel. 

#hyundai
#ioniq #ioniq5 #norway #electric #electriccar #ev #everyday #sustainable #car #cars https://t.co/TGZyqiRUII https://t.co/Hc6rdu8cKN",1
HYUNDAI OEM 13-14 Santa Fe ABS Anti-lock Brakes-Front Speed Sensor 956702W000 https://t.co/chQMPuWbuh eBay https://t.co/41HUPDPIpv,1
HYUNDAI OEM 10-15 Tucson-Engine Torque Strut Mount 218102S200 https://t.co/y2A98dHqnu eBay https://t.co/pL6WsqYJXG,1
"Go Smart, Go Certified â

Hyundai Certified vehicles come with a manufacturer-backed warranty, are high quality, and in like-new condition. That means thereâs less to worry about down the road. Browse our full CPO Program brochure right online!

https://t.co/YHJWYIyR3D https://t.co/4xNMSy0ug3",1
"Get behind the wheel of the reimagined #Hyundai Tucson. With the higher MPG and smart #technology features of the Hybrid model, you'll be in love after your first drive.

See what we have in stock: https://t.co/vlHlWWPKD6. https://t.co/kpPMayVi56",1
"Fraud against the claim
Complained but no response from Bajaj Allianz team registered a claim OC-21-2406-1801-00002114 of my vechile Hyundai Accent registration no - DL12CE3318 claim settled against old parts @BajajAllianz https://t.co/AomhHJWnAs",1
For 06-10 11 Hyundai Azera Class 1/I Trailer Hitch Receiver Rear Tube Towing Kit https://t.co/RTo7widD3u eBay https://t.co/koUAFISI0Q,1
Foam bath ð§¼ #davesdetailingllc #hyundai #hyundaielantra #booknowâ¨ @ Cedonia https://t.co/iWuVcM3tNg,1
Foam bath ð #davesdetailingllc #hyundai #hyundaielantra #booknowâ¨ @ Cedonia https://t.co/lkBJLufubd,1
@taycooperband @Hyundai Iâm guess neither itâs hun-day,1
@taycooperband @Hyundai Hun-Day (Texan),1
"@taefabuloso @vntesmiles @BTS_twt @YGS93_ @cryfortaegguk @yoongomitas @Jeonxnicole @senset_glow_ @M1N_DAMARIS @Y00N_LUVS @ksj_actor @kthxjk7 @yhopkk @bangtavss7 @accsspremium @ilvjikoo @txxgomita @fila_korea @oldiesbts @stayjinie @iLVSTK00 @lorewachiturra @Seogkie Circle 3
@Y00NTH
@Hyundai_Global
@it_JM_twt
@hourIyng
@ffilomino
@BANGT4NBEST
@iK00TH
@sd_briggit
@alivexkoo
@_pjmygs
@wvo____ovw
@imsoseriousmyg
@fiorellapvv
@gukiehw
@yoongiltb
@90symn
@hourIysuga
@jinshour
@jksdgie
@caarlamoontoya
@BRILLER__613
@taehyvngpics
@TETEXGIRL",1
"@SawyerMerritt Hyundai will do fine, smaller on course. Porsche no change. If Ford do not go bankrupt in the next 24-36 months, they will survive, but a lot smaller. GM will need a bail out again or they are dead for sure. Toyota, Honda, Mazda, all dead meat walking, and BMW",1
@choi_bts2 @Hyundai_Global @BTS_twt I started learning hangul few weeks ago and I'm really glad I can read now.ð­,1
@choi_bts2 @Hyundai_Global @BTS_twt I love it too! Itâs so beautiful ð¥º These words are all going into my vocabulary list too :),1
"@choi_bts2 @Hyundai_Global @BTS_twt Btw, hope you can help spread the word for Jiminâs birthday âºï¸ https://t.co/K40gmNemux",1
@alex_avoigt HYUNDAI IONIQ 5 and the KIA EV6 are utterly brilliant cars.,1
"@YoheJoshua @ggreenwald No but if he sold a 2005 model Hyundai for 16 million dollars, it might make you wonder.",1
@YVRHousing @Fishferbrains Hyundai are doing a lot of good stuff - the Ioniq 5 looks like a really good car.,1
"@YSSMAN It may just be first deliveries, then. My guess is we'll see 50 state by mid next year. I don't think the delayed rollout is because it's a compliance car like the MX-30, but because Hyundai lacks capacity.",1
"@Tee_legit Gladly!! Iâm pushing a Hyundai. Which isnât bad but itâs not my car. Light ass seats, I have to use my fob to unlock and lock the door(the worst feature) It has a key, so I always forget &amp; no side cam. Just fucking regular. I just miss Henry/Hilda. Idk which name to pick.",1
@SkeeDotReed i need a hyundai one,1
"@SawyerMerritt Toyota is losing their H2 war imo. Hyundai foolishly joined in, while Merc already learned their lesson. Rate of electrification in cars is too fast for infrastructure, regs, safety, source energy, etc., to develop. OEMs need to meet fleet emission requirements NOW not in 20 yrs.",1
"@RepMikeKellyPA received PPP loans up to $350k for his Mike Kelly Automotive Group, Mike Kelly Automotive LP, Mike Kelly Hyundai &amp; Kelly Chevrolet Cadillac. 
Kelly voted against the TRUTH Act requiring the SBA to disclose PPP recipients AND loan amounts. ð¤https://t.co/mvDvS9G126",1
"@superfan_nav 
Shoe name ideas:
1: A12âs
2: Courtsiders (topsider co-lab)
3: Navigators (made from alligator)
4: SF
5: Hush Hallers (Hush Puppies co-lab)
6: 95dash (ers)
7: Raptor Wranglers
8: Marcia 3Gâs (Hyundai co-lab)
9: Walkie and Talkies (Rogers co-lab)",1
"@PKBurian @CTVToronto I am not a car expert and this is my guess: 2015 Hyundai Santa Fe. A car expert would give a better guess.

https://t.co/vrpdwCg5z2",1
@Ot7Liz @choi_bts2 @Hyundai_Global @BTS_twt How u have done this? Enlighten me too... I'm also starting to take Korean lessons..,1
@NjTank99 @taycooperband @Hyundai Is that a Jersey or Frank pronunciation?,1
@NatGeo @Hyundai Keep Coasties out of Tennessee.,1
@NHLBlackhawks @NBCSChicago @WGNRadio @Hyundai Whoâs in net,1
@NHLBlackhawks @NBCSChicago @WGNRadio @Hyundai Let's Go Blackhawks!!!,1
"@MrOH1O The true  #3 team in the nation will be waiting for whatever penn state is ranked in a couple of weeks, and I will be there! Lamborghini vs Hyundai.",1
@MobileHarv @TheWarOnCars My average Hyundai has 260km/h on the speedo. Max speed on a motorway here is 110km/h. Even in Germany the autobahns are going to be 130km/h instead of unlimited.,1
@MikeTaylorShow What is he supposed to do? Not have opinions? Drive off in a Hyundai? We complain when they donât speak up and we complain when they do because we donât agree. ð¤·ââï¸,1
@MethSanders New Hyundai commercial. Looking to get a Silverado though.,1
@choi_bts2 @Hyundai_Global @BTS_twt I'm thinking......  Is Jimin tomorrow cause he is always late? ðð,1
@choi_bts2 @Hyundai_Global @BTS_twt Iâm a big fan of ë°ë¤. Just love how is sounds. And I like how this very essential words related to nature are all small and simple in many languages,1
"@choi_bts2 @Hyundai_Global @BTS_twt Their meanings are all so hopeful and all encompassing.  Just like our BTS!!  Put sun, sky, ocean, wind, morning, earth and tomorrow together and You get ""My Universe""  or more Accurately ""Our Universe!""ððªððð®",1
@choi_bts2 @Hyundai_Global @BTS_twt this is amazing ð,1
"@stevie_g_smith Hyundai is out as thereâs no dealership located remotely conveniently to me. Iâm currently in a Jeep, which has just started doing three rows, and am eyeing the Infiniti QX60. The Rav4, Crostrek, and CRV are a little smaller than I want.",1
@rod @Hyundai_UK_PR @Hyundai_UK Yep it's awesome. Just a few weird spec weirdness things. Ie some cars have things they shouldn't and some don't have things they should. All minor trim or tech things but annoying.,1
"@rishabh_haridas K, anytime. Drive your cute little Hyundai across the country to me and spend hundreds and hundreds of dollars on gas and that a bunch of people had to produce for you so your car can work haha",1
"@rishabh_haridas @dezmondOliver Whatâs wrong with you. Check the 0-60 of the Model Y performance and do the math. Open your eyes to facts. 

Show me the 0-60 for your âHyundaiâ, even Hyundai will make you their brand ambassador if you win lmao ð¤£",1
@nypost Lebron James driving a Hyundai?,1
"@nypost Ha ha heâs driving a Hyundai,",1
"@newbreegom He knows better, also he served something similar in the hyundai showcase",1
"@mel_jenkins1986 @AnthonyGermain An EV was out of our range, so we went for a PHEV to hold us over to our next vehicle purchase. Fantastically efficient, very affordable. 200 mpg+ since our last service call at Hyundai in August. https://t.co/qbbuW03gLa",1
"@matty_opp @CoachDuggs @taycooperband @Hyundai Yeah, itâs definitely neither of those 2 lol",1
@matthewcarter7 a gaggle of hyundai owners...barrel of laughs i bet ð,1
"@lovebelladonna7 @RepBoebert The Cooper Mini electric is about $30k, the Hyundai Kona about $38K. That's before rebates and govt subsidies. https://t.co/ngMOyop8Os",1
"@leoerlandsson @SKODAUK @KiaUK @Hyundai_UK @UKVolkswagen Yeah, I heard something like that. Apparently neighbours car is sitting on an airfield waiting for chips to complete it.",1
@fovvsbeauty @Hyundai_Global @BTS_twt Permission to save it,1
"@fanaticHH @DerCaspar @AdamBerg4680 @FrancBerna @eraz00r @Captn_Hype Yes you are entitled to that opinion, demonstrably false though it may be

Stick to your guns and short Tesla and buy Hyundai 

I wouldnât be caught dead in a Hyundai one but to each their own",1
@fairy_yoongs @choi_bts2 @Hyundai_Global @BTS_twt Happy Hangul day! :),1
@dumbthotdog Yeah. Im surprise how good this truck is. Also on my mind is the Hyundai Santa Cruz. Both are great small pick ups. And same that can tow Miata XD,1
@dezmondOliver Maybe his Hyundai is an EV conversion with a Tesla Model S motor in it.,1
@dezmondOliver Hyundai will make this ð¤¡ their brand ambassador if he smokes a Tesla in a Hyundaiâ¦,1
"@dezmondOliver Come race me then. I'll smoke your model Y in my Hyundai. I have literally provided you sources and evidence to explain why you're wrong. All you've done is call gas cars ""slow and stupid"" and made yourself look like an idiot.",1
@dezmondOliver And he thinks his Hyundai will beat you ð¥´,1
@dezmondOliver @rishabh_haridas The average difference in the 1 second is more than 100 horses boy. Your Hyundai has a 100 less horses.  Wake up from your dream.,1
"ð Saturday Shoutout! This game recap is brought to you by Scott Starkâs South Point Hyundai and Dodge! Thank you for being a sponsor of DSHS Football! 
ðhttps://t.co/mOdscxyn1Q 

#GoTigers | #TPD | #AMBUSH https://t.co/Lt9hgL27WR",1
