hashtag,counts
#SUGA,87
#RM,83
#YOONGI,63
#NAMJOON,62
#SEOKJIN,61
#JIN,61
#JUNGKOOK,56
#BTS,55
#JHOPE,52
#HOSEOK,49
#JIMIN,42
#Hyundai,35
#JM,35
#TAEHYUNG,30
#JK,28
#HyundaixBTS,18
#BTSW,17
#HangeulDay,13
#Hangeul,11
#hyundai,9
#BT,9
#Jungkook,9
#SugaHQ_Update,8
#davesdetailingllc,4
#JI,4
#GreatneckMotorsports,4
#Infiniti,4
#Jeep,4
#hyundaielantra,4
#dodge,4
#honda,4
#landrover,4
#ford,4
#Nissan,4
#longisland,4
#Volkswagen,4
#mazda,4
#nassau,4
#carfax,4
#Toyota,4
#Acura,4
#used,4
#Audi,4
#booknow,4
#bronx,4
#brooklyn,4
#Bmw,4
#Suffolk,4
#queens,4
#primeautos,4
#StageCommanderJimin,4
#Subaru,4
#Mustang,4
#newjersey,4
#ol,4
#SUV,3
#GrandFinal,3
#Andora,3
#eBay,3
#Judi,3
#JinUpdate,3
#TheHitList,3
#Shirley,3
#strictly,3
#BTSSUGA,3
#Flux,3
#Dykes,3
#SCOISR,3
#BillyGilmour,3
#EmmaThompson,3
#HappyJimtober,3
#Sonata,3
#ANDENG,3
#SaturdayNight,3
#Patterson,3
#Steveclarke,3
#NewCar,2
#cars,2
#btslockscreen,2
#Robotics,2
#SantaCruz,2
#ParkJimin,2
#carscoo,2
#Pickup,2
#ExpectingGenerationOne,2
#APDStealAlert,2
#LakelandAutomall,2
#GregCohen,2
#Europe,2
#Hangeulday,2
#Jamaica,2
#HillsideAutoMallInc,2
#Elantra,2
#BTSWALLPAPER,2
#itstucson,2
#ioniq5,2
#rall,1
#car,1
#r5,1
#electric,1
#retrogame,1
#pk_btsgirls,1
#btspakistaniarmy,1
#bts,1
#strategy,1
#suga,1
#sustainable,1
#technology,1
#animalcruelty,1
#shipping,1
#minyoongi,1
#norway,1
#carreview,1
#enyaq,1
#dogmeat,1
#ev,1
#everyday,1
#hydrogen,1
#hyundaii20wrc,1
#hyundaimotorsport,1
#i20n,1
#catmeat,1
#i20r5,1
#i20wrc,1
#carscoops,1
#ioniq,1
#jimin,1
#electriccar,1
#hyundaiioniq,1
#AMBUSH,1
#TheMoreYouKnow,1
#ThankYou,1
#JIMINDAY,1
#JEONJUNGKOOK,1
#JAKE,1
#HyundaiIoniq,1
#HydrogenNow,1
#Hydrogen,1
#HelloJimintober,1
#HYUNDAIxBTS,1
#HYUNDAIxBT,1
#HYUNDAI,1
#GreatService,1
#GrahamHyundai,1
#GoTigers,1
#GLOBALPEACE,1
#Ford,1
#EmpireHyundai,1
#ElantraN,1
#CarConnection,1
#BtsV,1
#BestAutoSalesLLC,1
#BTS_twt,1
#BTSV,1
#BTSJIN,1
#BTSJHOPE,1
#BTSARMY,1
#AutoWorld,1
#AryanKhanDrugCase,1
#JIMINJIMIN,1
#JIMINTOBER,1
#JINJIN,1
#Perfect,1
#TRUCKtober,1
#TPD,1
#THEWORLDMATTERS,1
#TCRSeries,1
#TCR,1
#StageC,1
#SouthKorea,1
#Seokjin,1
#SantaFeHybrid,1
#SantaFe,1
#SANTAFE,1
#PickupTrucks,1
#PakBTSgirls,1
#JJK,1
#NEXO,1
#MiddleVillageMotors,1
#MiddleVillage,1
#Manual,1
#Manchester,1
#Korea,1
#Kona,1
#KIMSEOKJIN,1
#JinOstSoon,1
#JiminWeLoveYou,1
#Jimin,1
#Jhope,1
#wrc,1
